Date,Akhaber,Asia,Foulad,Hkashti,Mafakher,Nori,Satran,Shasta,Tejarat
20231231,11830,2136,6230,12480,12150,149510,8560,1265,2395
20231230,11830,2114,6280,12660,12710,149620,8610,1268,2421
20231227,11830,2076,6220,12590,13010,150250,8600,1264,2415
20231226,11880,2072,6210,12540,13260,149330,9030,1262,2428
20231225,11800,2068,6270,12830,13180,149770,9420,1273,2470
20231224,11780,2083,6300,13020,12430,149770,9100,1277,2459
20231223,12090,2094,6350,12870,12020,149770,9010,1284,2460
20231220,12110,2098,6370,13070,11660,150410,8820,1287,2458
20231219,12160,2092,6390,13330,11050,150220,8950,1292,2482
20231218,12860,2125,6310,13630,10680,150050,8620,1296,2492
20231216,12490,2072,6140,13530,10640,149310,8730,1263,2353
20231213,11740,2056,6070,12970,10530,148710,8640,1256,2307
20231212,11760,2169,6080,13010,10890,149250,8820,1260,2304
20231211,11330,2176,6090,13300,10750,149380,8750,1263,2313
20231210,11430,2179,6100,13050,10340,148890,8360,1263,2325
20231209,11430,2146,6090,12510,10530,148810,8250,1268,2322
20231206,11460,2184,6170,12890,10370,149890,8560,1282,2318
20231205,11970,2243,6230,13120,10570,150070,8210,1294,2381
20231204,11870,2231,6260,12620,10530,149500,8050,1297,2378
20231203,11740,2142,5910,12040,10410,147660,8000,1268,2413
20231202,11040,2008,5610,11560,10140,147580,8220,1226,2389
20231129,11070,1950,5480,11020,10110,147580,8050,1200,2292
20231128,10690,1923,5320,10520,10000,147230,8050,1183,2154
20231127,10200,1926,5310,10400,10270,146800,8280,1182,2146
20231126,10160,1929,5310,10510,9870,146540,8410,1183,2157
20231125,9510,1933,5320,10380,9950,145080,8530,1177,2150
20231122,9290,1944,5340,10420,10090,144080,8860,1184,2167
20231121,9350,1932,5330,10490,9980,141120,8760,1184,2180
20231120,9090,1942,5350,10550,9890,139880,8570,1172,2176
20231119,9270,1968,5380,10850,10020,139610,8560,1172,2178
20231118,9440,1972,5410,10900,10170,138950,8890,1172,2189
20231115,9490,2004,5490,11120,10230,138440,8610,1180,2250
20231114,9290,1995,5540,10880,10310,138340,8240,1186,2290
20231113,9510,2011,5600,10480,10470,138390,8440,1200,2316
20231112,9460,1929,5620,10430,10420,137910,8220,1193,2294
20231111,9730,1952,5640,10490,10690,138100,7860,1177,2278
20231108,9910,1966,5660,10490,10820,137880,7510,1158,2289
20231107,9920,1975,5660,10290,10530,137510,7690,1158,2283
20231106,9920,1887,5540,9960,9990,136810,7410,1141,2247
20231105,9720,1864,5530,9880,10090,135410,7590,1133,2226
20231104,9340,1871,5510,9780,10300,134790,7640,1129,2210
20231101,8730,1852,5350,9500,10210,133510,7290,1106,2156
20231031,8420,1890,5360,9920,10300,133690,7600,1110,2175
20231030,7900,1901,5350,9990,10180,133690,7850,1113,2184
20231029,7560,1895,5230,9820,9780,131020,7650,1089,2153
20231028,7530,1927,5200,9810,9820,132020,7500,1082,2110
20231025,8040,2000,5350,10260,10470,132020,7730,1129,2211
20231024,8060,2009,5320,10770,10060,132020,7400,1131,2209
20231023,8220,1985,5390,11330,10020,132020,7750,1131,2227
20231022,8290,1998,5370,11330,10300,132020,7800,1319,2233
20231021,8250,1995,5210,11330,10790,132190,7480,1319,2223
20231018,8280,1995,5230,11330,10610,133040,7190,1319,2215
20231017,8560,2011,5240,11330,10450,133320,7300,1319,2240
20231016,8510,2009,5240,11330,9870,132730,7390,1307,2220
20231015,8380,2004,5180,11330,9400,131930,7080,1288,2193
20231014,8460,2016,5140,11330,9440,133380,6780,1281,2206
20231011,8650,2014,5220,11330,9620,134440,6910,1291,2278
20231010,8650,1995,5240,11330,9640,134140,6600,1291,2295
20231009,8530,1992,5230,11330,9470,133970,6290,1267,2295
20231008,8500,2005,5130,11330,9600,133930,6010,1251,2308
20231007,9090,2027,5290,11330,10290,138240,6310,1288,2455
20231004,9540,2050,5300,13660,10550,138310,6490,1297,2531
20231002,9510,2031,5300,13660,10270,138220,6600,1292,2548
20231001,9460,2046,5310,13660,10350,138280,6520,1285,2577
20230930,9640,2064,5410,13550,10110,138180,6680,1297,2597
20230927,9870,2075,5500,13670,10650,138280,6760,1305,2579
20230926,9930,2110,5520,13490,10510,138330,6690,1306,2554
20230925,9920,1992,5540,13430,11240,138930,6580,1307,2523
20230923,10040,1995,5590,13800,11050,140390,6870,1329,2514
20230920,10130,2010,5590,13210,10480,140540,6860,1317,2522
20230919,10300,2020,5600,12930,9920,140870,7020,1338,2565
20230918,10390,2026,5570,13080,9910,141050,7050,1341,2603
20230917,10400,2026,5570,13050,10120,141470,7080,1346,2604
20230913,10040,2047,5560,13150,10470,140680,7030,1328,2602
20230912,10060,2064,5560,13300,10130,140760,7130,1333,2597
20230911,10070,2086,5550,13260,9670,140400,7170,1322,2578
20230910,10080,2096,5570,13260,9500,141130,7000,1323,2561
20230909,10000,2087,5610,13410,9720,141550,6710,1326,2544
20230905,10450,2110,5680,13750,9930,148130,7010,1345,2586
20230904,10450,2094,5670,13660,9870,145180,7010,1336,2537
20230903,10330,2062,5600,13310,9780,139060,6890,1291,2488
20230902,10340,2065,5590,13470,9930,138160,7110,1282,2478
20230830,10250,2072,5620,13750,9700,137840,7000,1298,2421
20230829,9660,2070,5610,13820,9100,137380,7130,1301,2285
20230828,9630,2087,5580,13850,9000,135570,6890,1313,2242
20230827,9580,2055,5500,13690,8920,130120,6570,1283,2214
20230826,9400,2005,5220,13140,8780,124760,6390,1223,2014
20230823,8840,1878,5000,12560,8720,119910,6130,1171,2014
20230822,8520,1876,5000,12110,8710,119480,6000,1158,1982
20230821,8780,1851,5060,12420,8910,119780,5950,1175,2017
20230820,8770,1830,5050,12400,9010,119740,6010,1166,1989
20230819,8740,1883,5050,12450,9160,119480,6260,1162,1976
20230816,8930,1872,5110,12760,9660,119260,6340,1183,2032
20230815,8940,1891,5120,13010,9760,119270,6310,1185,2036
20230814,9110,1916,5170,13400,9910,120110,6630,1193,2105
20230813,9040,1899,5170,13460,9710,119960,6570,1185,2097
20230812,9220,1913,5160,13410,9550,119630,6820,1180,2094
20230809,9880,1939,5320,14010,9730,122600,7170,1219,2181
20230808,9880,1952,5350,14060,9700,122580,6940,1228,2201
20230807,9980,1971,5370,14260,9660,123340,6900,1249,2261
20230806,10100,1971,5340,14430,9230,123510,6620,1242,2208
20230805,10300,1976,5300,14660,9140,122130,6690,1241,2201
20230801,10040,1930,5010,14260,8940,116920,6570,1208,2141
20230731,9940,1870,4970,14150,8910,113740,6610,1194,2122
20230730,9810,1868,4940,14080,8910,112840,6870,1187,2129
20230729,10380,1989,4990,14750,8950,114930,7190,1209,2201
20230726,10920,2028,5000,15520,8970,113440,7410,1224,2243
20230725,10690,2051,5030,16330,9000,113360,7100,1228,2254
20230724,10000,1936,5020,16920,9010,111760,7120,1205,2292
20230723,9480,1923,4960,16150,9000,109160,7280,1183,2232
20230722,9410,1895,5460,15590,8990,110140,7390,1184,2204
20230719,9410,2009,5460,15690,9080,115920,7770,1244,2318
20230718,9410,2162,5460,14970,8860,115960,7570,1212,2294
20230717,9410,2181,5140,14270,8690,121050,7210,1156,2149
20230716,10000,2181,5340,14970,9320,125260,7570,1179,2269
20230715,10410,2181,5530,15360,9850,138460,7940,1223,2400
20230712,10210,2247,5470,15560,10110,138460,8170,1219,2401
20230711,10820,2328,5670,16360,10460,138460,8600,1266,2493
20230710,11110,2320,5770,16750,10890,138460,9030,1288,2532
20230709,11570,2322,5800,17040,11310,138460,9200,1293,2567
20230708,11580,2333,5830,17320,11460,140350,8860,1307,2610
20230705,11580,2421,5910,17310,11770,142480,9240,1315,2635
20230704,11580,2452,5930,17070,11420,143230,8870,1316,2618
20230703,11240,2320,5740,16310,10750,141230,8450,1306,2496
20230702,10880,2191,5580,15880,10730,136980,8050,1286,2493
20230701,10820,2159,5520,15840,10720,133370,7670,1274,2473
20230628,11150,2167,5580,15930,10800,137490,7330,1284,2563
20230627,11350,2198,5620,16130,10770,138880,7420,1304,2589
20230626,11560,2200,5690,16510,10760,141000,7470,1329,2616
20230625,11490,2242,5650,16590,10750,139130,7210,1335,2662
20230624,11400,2204,5580,16670,10620,132700,7150,1317,2826
20230621,11890,2327,5660,16880,10730,132800,7330,1316,2884
20230620,12040,2335,5680,16890,10750,130430,7360,1297,2884
20230619,11950,2330,5710,16950,10650,131700,7710,1281,2884
20230618,11950,2251,5770,16380,11130,135780,7540,1273,2956
20230617,12520,2194,5810,16710,11470,135810,7790,1290,2999
20230614,12750,2227,5820,17040,11340,133710,7460,1295,2915
20230613,12420,2193,5590,17070,11350,131430,7520,1280,2884
20230612,12170,2200,5520,17000,11440,130560,7280,1272,2804
20230611,13070,2309,5820,17440,12070,137150,7150,1316,2877
20230610,13070,2339,5890,17470,12280,137270,6850,1317,2885
20230607,13070,2512,6130,18360,13120,141800,6630,1383,3057
20230606,13070,2532,6130,18200,12690,141210,6320,1357,3144
20230603,13010,2570,6120,18090,12760,142360,6040,1354,3096
20230531,12360,2442,6100,18080,13060,142880,5930,1353,3017
20230530,12780,2398,6140,18330,13420,144960,6180,1361,3027
20230529,12800,2361,6140,17960,13510,144580,6260,1360,2889
20230528,12700,2359,6130,17900,13510,143190,6160,1359,2831
20230527,13570,2531,6250,18400,14260,149630,6480,1398,2945
20230524,14140,2673,6360,17810,13900,153940,6730,1419,2949
20230523,14010,2761,6370,17850,13260,146650,7030,1414,2923
20230522,13220,2704,6410,17580,13530,147130,6730,1411,2834
20230521,12410,2642,6440,17540,13760,147900,6510,1402,2692
20230520,12330,2720,6440,17220,13800,148900,6590,1386,2627
20230517,12540,2759,6680,17840,13500,152000,6380,1401,2590
20230515,12160,2754,6680,17200,12730,152280,6110,1385,2466
20230514,12200,2822,6670,16410,12700,150680,6210,1373,2450
20230513,11640,2645,6420,15650,12570,145270,6110,1322,2364
20230510,12430,2824,6560,16220,13510,148990,6410,1365,2485
20230509,13100,2860,6580,16840,14040,148400,6690,1400,2560
20230508,13920,2788,6480,17440,15070,142620,7040,1407,2569
20230507,14960,2960,6880,18350,15690,149880,7410,1478,2758
20230506,15830,3165,7230,19280,16360,155900,7770,1545,2943
20230503,15500,2966,7240,19570,15500,158620,8070,1513,2761
20230502,15860,2774,7280,20040,14510,161210,7720,1546,2663
20230501,13430,2621,7070,19250,13770,156740,7370,1544,2580
20230430,13430,2621,7050,18510,13890,157310,7270,1553,2482
20230429,13430,2601,6840,18010,14370,154170,7270,1526,2410
20230426,13430,2614,6400,18010,14290,146940,7510,1457,2397
20230425,13430,2704,6390,18120,13410,140580,7180,1469,2467
20230424,13430,2825,6280,18470,12540,135270,6870,1436,2437
20230419,13430,2668,6310,18680,11910,137780,6580,1440,2449
20230418,13430,2495,6370,17800,11630,138590,6890,1445,2493
20230417,13430,2332,6340,16970,11630,138210,6990,1412,2414
20230416,13280,2205,6320,16220,11630,138620,6690,1413,2383
20230415,12450,2158,6330,15610,12350,137140,6380,1421,2386
20230411,11650,2028,6200,14910,12080,133610,6380,1359,2252
20230410,11480,2038,6260,14670,12080,135310,6380,1382,2284
20230409,11180,2103,6420,14670,11480,137790,6110,1410,2389
20230408,11180,2076,6450,14010,10760,139490,5830,1410,2425
20230405,10470,1941,6210,13460,10240,138170,5560,1352,2314
20230404,10160,1908,6270,13630,10080,138700,5360,1342,2248
20230403,9650,1909,6210,13630,10290,137110,5360,1343,2203
20230329,9290,1875,6310,13750,10890,142550,5176,1340,2145
20230328,9400,1849,6310,13290,10410,136910,4994,1293,2142
20230327,8820,1838,6340,13080,9820,130770,4801,1292,2072
20230326,8300,1847,6320,12460,9240,130510,4613,1297,2065
20230325,8440,1751,6230,11870,8650,129330,4805,1299,2121
20230319,8440,1751,5890,11310,8190,129940,4809,1294,2027
20230318,8490,1645,7940,30280,8230,127560,4649,1269,1925
20230315,7980,1557,7940,30280,7980,121680,4557,1210,1925
20230314,7500,1518,7940,30280,7900,116360,4443,1157,1925
20230313,7030,1542,7940,30280,7840,116280,4242,1135,1932
20230312,7130,1548,7920,30280,7940,115830,4353,1137,1927
20230311,7510,1587,8260,31580,8260,120840,4516,1177,1971
20230307,7440,1564,8440,31650,8380,121630,4581,1186,1847
20230306,7130,1566,7940,30240,8640,117970,4604,1139,1813
20230305,7300,1566,8080,29890,8810,118690,4730,1147,1813
20230304,7300,1574,8110,28720,8730,118350,4677,1139,1760
20230301,7490,1577,8350,29530,8710,120530,4719,1171,1812
20230228,7120,1578,8570,29590,8760,121610,4699,1214,1866
20230227,7170,1590,8450,29750,8260,118400,4509,1184,1889
20230226,7360,1628,8480,29650,8070,118220,4490,1164,1842
20230225,7350,1620,7960,29230,8250,112690,4521,1110,1858
20230222,6870,1520,7440,27840,7810,107330,4309,1058,1742
20230221,6980,1540,7340,27170,7950,107570,4512,1037,1790
20230220,6790,1502,6860,25880,7740,102540,4566,988,1702
20230219,6410,1442,6420,24770,7640,97830,4355,943,1603
20230215,6380,1475,6270,23970,7480,95530,4278,931,1607
20230214,6440,1518,6300,24210,7000,96580,4441,940,1641
20230213,6520,1518,6320,24960,7020,97690,4586,952,1671
20230212,6650,1518,6260,24930,6960,97490,4416,940,1646
20230208,6820,1518,6270,25360,7230,99050,4580,951,1683
20230207,6700,1518,6180,25130,7380,99590,4810,952,1718
20230206,6580,1472,6000,24830,7280,98980,4690,928,1667
20230205,6500,1891,5950,24360,7620,99700,4900,931,1616
20230201,6710,1891,5990,25470,7600,99840,5130,945,1697
20230131,6840,1891,5990,25770,7140,99930,4940,951,1681
20230130,6680,1891,5870,25220,6960,98620,5140,944,1576
20230129,6660,1891,5870,24340,7340,97270,5370,937,1529
20230128,7110,1891,6080,25570,7830,99960,5360,983,1622
20230125,7250,1891,6080,26690,8080,99750,5559,991,1681
20230124,7720,1904,6210,27560,8530,101880,5295,1019,1749
20230123,7880,1895,6230,27600,8660,102970,5043,1036,1799
20230122,7740,1927,6180,27620,8130,103010,4803,1043,1816
20230121,7880,1971,6140,29010,8190,105820,4575,1052,1865
20230118,8370,2108,6400,30440,8670,111360,4360,1082,1925
20230117,8390,2117,6440,31200,8700,110390,4360,1095,1907
20230116,8640,2097,6460,31330,8880,110150,4360,1096,1830
20230115,8110,2065,6300,30190,8650,107810,4153,1049,1727
20230114,8110,2065,6300,30190,8650,107810,4153,1049,1727
20230111,8110,2079,6420,30700,8720,109940,4269,1062,1732
20230110,8110,2181,6500,31190,8780,111490,4332,1100,1796
20230109,8020,2073,6130,30730,8280,111720,4332,1092,1765
20230108,7650,1957,6080,30610,8280,112050,4379,1054,1761
20230107,7270,1891,5900,30980,8350,106870,4171,1004,1692
20230104,6840,1862,5800,29770,8070,106460,3973,975,1631
20230103,6920,1888,5940,28510,8070,108000,3822,996,1596
20230102,6980,1886,5980,27830,8070,110750,3640,994,1565
20230101,6790,1853,5840,26520,8150,105720,3471,958,1519
20221231,6920,1907,5970,26570,8570,109960,3549,973,1558
20221228,7240,1975,6280,27820,8360,115710,3699,1017,1626
20221226,7000,1898,5880,26530,7820,110240,3578,970,1559
20221225,7070,1847,5930,25440,7530,105300,3585,963,1565
20221224,7050,1845,5830,24910,7530,100330,3519,953,1567
20221221,6790,1804,5530,24140,7440,96190,3430,911,1526
20221220,6720,1806,5550,23540,7380,96510,3412,906,1474
20221219,6920,1823,5630,24190,7740,97290,3448,927,1507
20221218,6870,1849,5620,24740,7720,97550,3589,906,1549
20221217,6430,1805,5390,24450,7300,94040,3565,890,1509
20221214,6410,1795,5467,24340,7330,95760,3541,901,1481
20221213,6380,1786,5287,24230,7500,95340,3437,887,1510
20221212,6240,1743,4965,23320,7400,91380,3285,848,1477
20221211,5930,1739,4795,22300,7680,90170,3261,827,1414
20221210,5940,1747,4756,22280,7810,89830,3254,823,1363
20221207,5970,1779,4865,23280,7840,92040,3386,834,1381
20221206,6060,1705,4940,23180,7410,92870,3547,838,1381
20221205,6160,1676,4959,22930,7280,93060,3519,843,1363
20221204,6190,1662,4987,23310,7750,93080,3532,848,1384
20221203,6130,1668,4984,23390,7690,93820,3440,852,1391
20221130,6340,1667,4922,24440,7300,94870,3484,860,1418
20221129,6310,1669,4922,24370,7300,93510,3388,857,1429
20221128,5900,1658,4922,24200,6840,90060,3241,848,1433
20221127,5750,1636,4918,24190,6400,90030,3249,839,1434
20221126,5750,1634,4912,24350,5990,89720,3302,840,1451
20221123,5750,1619,4930,23430,5600,90410,3178,845,1448
20221122,5750,1610,4950,22940,5600,90450,3030,841,1401
20221121,5750,1610,4980,23060,5600,91140,2986,841,1402
20221120,5750,1624,4980,23200,5600,91250,2854,830,1401
20221119,5750,1619,4900,22980,5600,90540,2824,815,1362
20221116,5750,1638,5060,24120,5600,93660,2926,838,1406
20221115,5750,1641,5040,24190,5600,93640,2891,830,1416
20221114,5750,1646,5030,23860,5600,93420,2910,827,1421
20221113,5750,1681,5080,24460,5600,94350,3057,843,1443
20221112,5750,1712,5210,24020,5600,94950,3056,864,1470
20221109,5750,1710,5157,22950,5600,94730,2973,857,1476
20221108,5750,1722,5166,22650,5600,95690,2858,857,1490
20221107,5750,1685,5128,22660,5600,96180,2725,846,1496
20221106,5750,1595,4949,21720,5600,93530,2658,812,1405
20221105,5750,1585,4914,20830,5600,92330,2598,799,1361
20221102,5750,1551,4610,19840,5600,87950,2518,769,1303
20221101,5750,1529,4611,19710,5600,87940,2511,772,1306
20221031,5750,1509,4549,19080,5600,86030,2490,761,1272
20221030,5750,1481,4487,18200,5600,84670,2457,739,1225
20221029,5750,1449,4361,17900,5600,84440,2470,739,1218
20221026,5750,1456,4311,17820,5600,84350,2468,739,1213
20221025,5750,1498,4432,18610,5600,84960,2566,739,1279
20221024,5750,1500,4474,18630,5600,85240,2577,739,1299
20221023,5750,1543,4732,19270,5600,88580,2699,739,1327
20221022,5750,1606,4884,18470,5600,90140,2709,874,1337
20221019,5770,1595,4910,17740,5600,90920,2718,874,1341
20221018,5780,1495,4950,17050,5600,91680,2707,874,1343
20221017,5810,1499,4980,16780,5600,91220,2617,874,1343
20221016,5850,1500,4990,17280,5600,91310,2627,875,1349
20221015,5920,1505,5030,17720,27750,91990,2645,880,1364
20221012,5940,1512,5058,17690,27750,92300,2655,874,1371
20221011,5940,1509,4979,17580,27750,89940,2645,864,1370
20221010,5900,1495,4897,17360,27750,88410,2613,860,1354
20221009,5950,1504,4909,17250,28500,87780,2619,863,1353
20221008,6010,1464,4914,18150,30500,88210,2653,885,1387
20221004,6000,1463,4920,18240,30550,88150,2668,885,1380
20221003,5990,1455,4930,19180,31300,88130,2703,889,1380
20221002,6020,1452,4930,22080,31950,87990,2719,891,1390
20221001,6200,1467,4930,22080,32350,88120,2741,893,1403
20220928,6360,1481,5040,22080,34450,88610,2868,912,1455
20220926,6290,1470,4950,21580,33750,84610,2831,905,1412
20220924,6240,1469,4910,21310,31950,83650,2866,894,1387
20220921,6630,1494,5020,22400,34150,85870,2936,912,1413
20220920,6700,1521,5080,22910,33650,87420,2986,917,1416
20220919,6730,1531,5100,21870,35100,88430,3060,920,1432
20220918,6750,1539,5110,21510,36750,88950,3194,920,1443
20220914,6870,1550,5170,22010,35850,89880,3196,932,1480
20220913,6950,1558,5180,22060,37300,90250,3054,930,1486
20220912,6970,1557,5100,21540,36900,90610,2968,928,1458
20220911,7020,1582,5030,21650,37400,90000,3006,930,1452
20220910,7150,1586,5030,22570,39900,89620,3111,932,1467
20220907,7390,1600,5060,23740,40700,91210,3180,945,1499
20220906,7270,1600,5060,23970,38300,92430,3314,952,1527
20220905,7400,1603,5080,24590,39200,93110,3274,961,1544
20220904,6930,1599,5090,24360,37550,93240,3332,963,1542
20220903,6920,1600,5090,24520,37850,93000,3333,960,1559
20220831,6940,1607,5140,25760,38900,93090,3180,974,1633
20220830,6890,1602,5170,26040,39500,93090,3049,978,1638
20220829,6950,1604,5230,25420,40700,93100,2933,979,1669
20220828,6880,1603,5270,24730,39250,94140,2889,977,1660
20220827,6960,1619,5330,25770,39550,95900,2913,981,1733
20220824,7060,1625,5330,25310,40000,95600,2884,977,1783
20220823,6960,1594,5270,24330,38700,93160,2828,966,1771
20220822,6910,1587,5310,23250,39700,89440,2778,957,1727
20220821,6970,1602,5420,23490,42050,88330,2777,953,1766
20220820,6970,1623,5560,23400,44300,88560,2830,956,1765
20220817,7230,1642,5560,23190,45550,90240,2830,965,1799
20220816,7170,1676,5600,23550,43450,92080,2821,973,1754
20220815,6770,1594,5670,23470,41300,93190,2803,975,1662
20220814,6440,1587,5740,23300,43600,93510,2699,967,1599
20220813,6460,1558,5780,23110,44250,96220,2720,975,1567
20220810,6460,1470,5520,22030,42000,97530,2693,932,1483
20220809,6460,1396,5460,22690,40900,98560,2706,943,1510
20220806,6460,1386,9470,22550,39100,98390,2725,948,1470
20220803,6460,1376,11170,21500,37150,97880,2620,924,1390
20220802,6460,1375,11170,20670,35200,97070,2587,921,1369
20220801,6460,1375,11170,20780,36050,96260,2519,919,1367
20220731,6460,1375,11170,20350,36400,94840,2473,912,1362
20220730,6460,1387,11040,21360,38650,97800,2581,929,1435
20220727,6460,1386,10930,21950,39050,97230,2606,922,1475
20220726,6460,1387,10690,22130,40700,92820,2615,920,1463
20220725,6460,1392,10690,21110,42800,91100,2703,919,1461
20220724,6460,1425,10930,22840,42300,95440,2774,944,1542
20220723,6460,1433,10990,22840,42350,99730,2884,955,1600
20220720,6460,1447,10990,22840,42350,102880,2786,926,1526
20220719,6460,1459,10990,22840,42100,103740,2725,916,1523
20220717,6460,1526,10990,22840,39900,106700,2753,913,1514
20220716,6540,1646,11080,22840,37950,120700,2797,926,1549
20220713,6540,1646,11310,22840,39400,120700,2850,932,1608
20220712,6540,1646,11370,22840,39400,120700,2767,919,1589
20220711,6580,1646,11400,22840,40250,120700,2850,922,1601
20220709,6780,1667,11100,22840,40500,123020,2986,928,1656
20220706,6830,1688,11040,22840,41100,123400,3113,932,1691
20220705,6870,1685,10980,22840,41150,123390,3102,941,1722
20220704,6890,1695,10800,22840,40900,122890,3113,945,1748
20220703,6900,1689,10800,22840,40450,122500,3094,935,1749
20220702,6910,1693,10830,22840,41350,120590,3176,930,1754
20220629,6930,1767,10940,22840,41550,121960,3047,944,1842
20220628,6930,1772,10930,22840,40400,123240,2953,944,1852
20220627,6910,1753,10890,21800,41400,119470,2826,930,1786
20220626,6920,1762,10890,20880,41150,116000,2824,928,1749
20220625,6920,1797,11150,21580,39400,117650,2961,949,1772
20220622,6810,1791,11440,21380,38350,118180,2882,948,1792
20220621,6800,1790,11550,20430,38350,119270,2939,955,1792
20220620,6840,1815,11620,19530,40650,121800,3032,963,1792
20220619,7030,1816,11610,18630,42350,121680,3064,962,1792
20220618,7090,1828,11610,18490,41800,127850,3167,958,1786
20220615,7160,1887,11710,19110,41050,134570,3156,979,1803
20220614,7200,1877,11820,19710,43350,134710,3023,997,1818
20220613,7230,1856,11820,20550,45300,131090,3110,1010,1837
20220612,7140,1848,11460,20150,44850,125140,3031,982,1780
20220611,7150,1839,11290,20150,47150,119660,3141,961,1802
20220608,7160,1809,11290,19850,49800,119700,3274,965,1840
20220607,7150,1805,11280,19180,51100,119610,3274,957,1833
20220606,7160,1803,11280,20160,50250,118760,3274,956,1847
20220601,7580,1806,11750,21150,52750,124170,3274,982,1935
20220531,7620,1801,11750,21780,54800,126590,3274,987,1941
20220530,7690,1780,11750,21890,54850,125190,3307,987,1973
20220529,7750,1787,11730,21500,54200,119490,3344,989,1976
20220528,8030,1824,11960,22580,52250,118570,3514,1003,2069
20220525,8190,1858,12110,22940,53600,118090,3546,1015,2148
20220524,7750,1847,12260,22070,51700,118040,3446,1013,2130
20220523,7760,1837,12400,21080,50900,117810,3310,1013,2125
20220522,8180,1830,12540,20880,53350,119340,3460,1039,2252
20220521,8280,1829,12550,19980,52000,117890,3452,1040,2251
20220518,8610,1910,12690,19920,50400,122100,3454,1061,2202
20220517,8770,1927,12770,20140,48400,123040,3589,1081,2217
20220516,8610,1929,12320,20020,50850,122830,3532,1065,2160
20220515,8660,1934,12090,20330,49850,122220,3399,1058,2131
20220514,8740,1922,12160,19890,52600,124400,3458,1069,2167
20220511,8270,1924,12120,19580,55350,124250,3506,1065,2164
20220510,8180,1909,11890,18740,58550,121600,3350,1037,2141
20220509,8180,1890,11940,18430,57100,121450,3375,1044,2166
20220508,8210,1985,12050,18430,54700,124490,3497,1069,2253
20220507,8070,1906,11820,18250,51950,124660,3638,1032,2203
20220502,7990,1815,11770,18840,50950,123230,3514,1015,2198
20220501,8000,1817,11880,18650,51400,122880,3435,1018,2229
20220430,8060,1773,11960,17860,48650,126210,3420,1024,2130
20220427,8130,1773,12080,17020,51350,127150,3407,1039,2115
20220426,8170,1839,12090,17000,52200,126570,3439,1036,2131
20220425,8150,1801,12050,16300,51550,123500,3471,1019,2097
20220424,8190,1741,11910,16340,50900,124030,3592,1022,2121
20220420,8220,1845,12080,16330,53000,124790,3564,1021,2162
20220419,8280,1751,11990,16820,50400,126440,3571,1030,2167
20220418,8340,1717,11990,17070,50800,125220,3693,1031,2118
20220417,8320,1690,11990,16430,49400,119870,3550,987,2061
20220416,8280,1697,11990,15790,48850,115090,3389,985,2087
20220413,7890,1683,11860,15170,48850,113480,3292,983,2081
20220412,7940,1641,11680,15250,48850,111980,3149,975,2110
20220411,8320,1719,12260,16010,47200,115920,3011,1017,2213
20220410,7960,1647,12220,16460,45150,114420,2868,1029,2236
20220409,7840,1582,11980,16360,43200,113210,2734,1017,2142
20220406,8060,1602,12060,15910,41250,113560,2683,1017,2229
20220405,8240,1623,12300,16000,39500,113010,2631,1017,2250
20220404,7870,1637,12360,16100,38450,112990,2672,1030,2253
20220403,7560,1660,12160,16290,40200,116210,2736,1047,2173
20220330,7260,1632,11610,15630,40250,112730,2697,1028,2133
20220329,7260,1583,11510,15490,39800,107740,2624,1031,2130
20220328,7260,1615,11750,15890,41200,107590,2521,993,2051
20220327,7120,1591,11670,15460,41200,103220,2521,949,1972
20220326,6900,1526,11440,14830,41300,101550,2510,945,1930
20220319,6650,1513,10940,14290,43150,97190,2585,950,1926
20220316,6510,1447,10670,13610,45400,95050,2526,913,1835
20220315,6430,1418,10520,12970,47200,93080,2445,884,1835
20220314,6440,1414,10520,12840,45800,91450,2372,882,1810
20220313,6430,1420,10510,12780,44950,91600,2359,883,1807
20220312,6500,1470,10470,13040,46550,91990,2389,892,1813
20220309,6610,1527,10590,13720,44650,94160,2458,922,1907
20220308,6610,1491,10530,13410,42850,94190,2511,918,1876
20220307,6640,1518,10740,13820,41600,94470,2524,947,1940
20220306,6710,1526,10590,14360,43300,90360,2430,957,1975
20220305,6670,1470,10170,13780,41900,88860,2470,950,1950
20220302,6640,1410,10070,13130,40900,89060,2470,912,1859
20220228,6690,1421,10110,13510,39450,89150,2533,950,1902
20220227,6740,1403,10050,13520,37800,90090,2417,950,1906
20220226,6780,1411,10240,13320,36050,89660,2393,950,1927
20220223,6870,1427,10400,13980,34350,86900,2484,950,2008
20220222,6880,1435,10400,13910,32900,84740,2374,950,2001
20220221,6930,1444,10360,13260,32150,85270,2363,950,2012
20220220,6650,1385,10490,12640,33300,85580,2274,950,1928
20220219,6600,1386,10490,12420,33150,88160,2330,950,1895
20220216,6580,1406,10490,11900,34350,88950,2430,950,1809
20220214,6590,1408,10480,11990,35550,87950,2456,950,1840
20220213,6590,1407,10220,11980,37300,86360,2479,950,1831
20220212,6600,1440,10260,12060,38000,89000,2598,950,1897
20220209,6610,1439,10330,11520,39050,90480,2682,950,1946
20220208,6640,1400,10390,11450,37600,90510,2657,950,1941
20220207,6660,1336,10440,11390,36050,90290,2544,950,1852
20220206,6720,1346,10670,11590,34450,91820,2581,950,1875
20220205,6920,1405,10810,11980,33300,95500,2709,950,1937
20220202,6990,1422,10790,11960,34750,95340,2672,950,1851
20220201,7090,1432,10760,12200,33250,96530,2787,950,1769
20220131,6870,1421,10740,12210,31750,96750,2742,950,1686
20220130,6600,1399,10660,11740,30450,96600,2619,950,1629
20220129,6640,1393,10390,11550,29500,92360,2723,950,1629
20220126,6460,1330,9920,11010,28350,88750,2606,950,1629
20220125,6460,1300,9480,10890,28750,84530,2541,950,1629
20220124,6590,1364,9560,11420,29700,88720,2668,950,1667
20220123,6640,1430,9700,11810,30800,92190,2674,950,1677
20220122,6830,1504,9970,12400,30750,96920,2814,11000,1733
20220119,6860,1573,9620,12570,29600,100910,2929,11000,1745
20220118,6880,1573,9580,12550,28800,98970,3079,11000,1736
20220117,6990,1636,9930,13160,27600,102160,3116,11000,1816
20220116,7010,1649,9990,13310,26450,102120,3116,11000,1839
20220115,7030,1701,10050,13530,26650,103360,3116,11000,1859
20220112,7080,1725,10100,14090,26800,104750,3116,11000,1927
20220111,7030,1729,10100,14220,27000,102720,3018,11000,1947
20220110,7010,1733,10030,14050,27050,101760,2900,11000,1924
20220109,6930,1743,10060,14080,27050,101760,2794,11000,1904
20220108,7270,1772,10360,13920,27100,106220,2869,11000,1921
20220105,7280,1738,10400,13970,27362,107100,2931,11000,1869
20220104,7300,1704,10390,14060,27573,106600,2966,11000,1858
20220103,7400,1708,10570,14260,28012,108130,3108,11000,1906
20220102,7430,1692,10570,14350,28391,110260,3117,11000,1924
20220101,7460,1698,10530,14290,27795,110250,3098,11000,1925
20211229,7580,1740,10820,14250,26739,114590,3237,11000,1995
20211228,7660,1710,10960,13680,26692,114590,3178,11020,1959
20211227,7600,1715,11100,13630,26974,114590,3136,11260,1963
20211226,7430,1697,10710,13380,26998,114140,3130,11210,1941
20211225,7080,1713,10810,13510,27165,116500,3289,11090,1996
20211222,6980,1723,10550,13550,26969,113330,3336,10570,1941
20211221,6900,1646,10120,12930,26513,108660,3213,10070,1858
20211220,6720,1642,9950,12540,26601,105740,3071,9900,1803
20211219,6650,1571,9700,12530,26685,105330,2936,9850,1720
20211218,6690,1600,9950,12720,26776,107780,2980,10120,1758
20211215,6680,1542,9870,12660,26640,105190,2851,10000,1686
20211214,6700,1538,9850,12670,26749,103840,2784,10010,1683
20211213,6730,1562,9790,12710,26855,102600,2919,10050,1691
20211212,6890,1602,10120,12890,26825,104460,3049,10420,1752
20211211,6940,1683,10410,13020,27057,107770,3191,10720,1805
20211208,6960,1691,10460,13000,27736,108820,3210,10750,1809
20211207,6930,1676,10260,12900,29096,107990,3150,10760,1790
20211206,6980,1688,10270,12990,28436,110080,3307,10870,1818
20211205,7000,1703,10320,13000,27430,110440,3393,10910,1805
20211204,7010,1704,10100,12960,26387,108460,3403,10850,1820
20211201,7260,1782,10070,13180,27393,108070,3547,10910,1888
20211130,7420,1764,10100,13470,28673,111240,3724,11190,1857
20211129,7800,1698,10220,13480,29067,115350,3896,11240,1780
20211128,7870,1738,10300,13520,28926,114960,3977,11300,1785
20211127,7870,1754,10280,13380,29503,114240,3874,11070,1788
20211124,7870,1773,10770,13890,30765,118180,4040,11590,1863
20211123,7870,1760,10910,14520,30809,120100,3941,11800,1919
20211122,7870,1725,11130,15010,29831,121360,4131,11370,1966
20211121,7520,1676,10880,14800,30425,119240,4217,10830,1880
20211120,7510,1673,10690,14840,29490,118740,4273,10580,1861
20211117,7620,1739,11160,15130,29056,122190,4257,11040,1933
20211116,7610,1717,11220,14860,29105,120920,4065,10940,1916
20211115,7650,1736,11280,15250,27963,121890,3973,11090,1947
20211114,7990,1776,11740,14720,26938,124600,4146,11550,2037
20211113,8000,1790,11750,14760,26867,121540,4203,11750,2038
20211110,8140,1824,11970,14350,28020,124360,4421,12120,2130
20211109,7800,1798,12010,13780,27925,128410,4443,12070,2041
20211108,7850,1792,11940,13760,29203,127850,4486,12040,2049
20211107,7680,1822,11940,13760,29486,122660,4692,12170,2047
20211106,7320,1815,12290,14150,30000,119670,4845,12630,1989
20211103,7240,1738,11930,13490,28859,114410,4634,11650,1895
20211102,7100,1717,11670,12970,28578,111300,4612,11650,1834
20211101,6890,1665,11400,12440,30039,110250,4566,11650,1767
20211031,6850,1627,10980,12140,30900,106800,4380,11650,1692
20211030,7190,1703,11310,12740,31777,108230,4541,11650,1778
20211027,7320,1764,11480,13270,30837,108840,4387,11650,1823
20211026,7250,1763,11050,13140,30744,106760,4349,11650,1818
20211025,7430,1772,10960,13220,31391,103670,4531,11650,1832
20211023,7810,1814,10990,13820,32613,105630,4730,11650,1923
20211020,8150,1902,10550,14380,33360,110200,4956,11650,2021
20211019,8050,1856,10770,14520,32001,111250,4764,13000,2045
20211018,7790,1820,10630,13870,33297,110300,4566,13000,2014
20211017,7830,1847,10600,13790,34456,109620,4411,13000,2015
20211016,8090,1899,10550,15080,36105,107550,4244,12830,2056
20211013,7740,1848,10050,15080,36337,102550,4285,12230,1966
20211012,7860,1902,10070,15080,38085,104820,4467,12440,2013
20211011,8190,1973,10310,15080,40009,109310,4632,12990,2096
20211010,8340,1925,10280,15080,41331,107550,4441,13000,2091
20211009,8450,1970,10380,15150,43435,108420,4628,13130,2120
20211006,8540,2008,10670,15150,45678,111550,4604,13020,2202
20211004,8550,2053,10830,15150,47942,111500,4403,13130,2204
20211003,8470,2066,10860,14960,49743,112240,4197,12990,2157
20211002,8440,2022,10900,15090,52224,112900,4045,13030,2144
20210929,8360,1930,10480,14960,51088,107900,3893,12650,2111
20210928,8510,1933,10440,15040,49585,104590,3709,12530,2110
20210926,8570,1977,10500,15140,50393,104400,3582,12590,2125
20210925,8840,2005,10550,14970,52978,103550,3697,12740,2160
20210922,8680,1976,10100,14280,53848,98750,3530,12330,2117
20210921,8890,1973,10140,14650,51533,99220,3691,12440,2159
20210920,9320,2051,10480,15370,53294,103630,3849,12970,2265
20210919,9070,2047,10440,15290,50991,103620,3830,12870,2258
20210918,9460,2030,10710,15930,53383,104630,3980,12870,2355
20210915,9910,2128,11220,16670,51026,107490,4165,12810,2455
20210914,10340,2134,11310,17020,49752,107680,4334,13070,2466
20210913,10380,2065,11180,16660,48540,103120,4145,12840,2379
20210912,10900,2132,11260,17340,50786,105050,4072,12990,2365
20210911,11450,2226,11580,18170,52851,109100,4216,13580,2465
20210908,11670,2246,11600,18140,50669,109320,4353,13460,2479
20210907,11670,2256,11590,18070,50565,107850,4485,12950,2494
20210906,11670,2348,11800,18570,52711,109700,4680,13110,2586
20210905,11670,2250,11890,18860,52761,110790,4862,13190,2622
20210904,11670,2172,12060,18170,52521,109280,4663,13480,2647
20210901,11670,2163,12040,18020,53652,104330,4499,13440,2614
20210831,11210,2153,11930,18040,54194,99760,4326,13410,2631
20210830,11430,2252,12100,18920,52883,101120,4195,13990,2748
20210829,11880,2356,12630,19890,51545,105640,4126,14620,2891
20210828,11480,2344,12510,20180,51050,108400,3967,14610,2987
20210825,11420,2269,12370,19340,49800,109910,3907,14320,2920
20210824,11010,2262,12470,19330,48524,110010,3804,14540,2822
20210823,10490,2157,12250,18410,46898,110970,3686,14360,2716
20210822,10000,2092,12360,17850,49046,110400,3518,14520,2712
20210815,9530,2000,12330,17660,49240,105480,3393,14750,2615
20210814,9420,2010,12210,17460,47373,101960,3248,14350,2615
20210811,9620,1998,12280,17480,47410,103740,3257,14340,2573
20210810,9640,2009,11790,17500,48431,99520,3348,13680,2558
20210809,9700,2005,11330,16690,47172,98420,3380,13630,2537
20210808,9340,2062,11000,16010,45048,97100,3313,13440,2547
20210807,9440,2062,10550,16310,43375,94780,3194,13390,2544
20210804,9540,2019,10550,16680,42620,96860,3113,13500,2450
20210803,9530,1942,10950,16640,41173,92490,3165,12960,2477
20210802,9100,1989,10950,16450,41834,90930,3254,12580,2464
20210801,9190,2005,10950,16570,40098,92640,3291,12610,2487
20210731,8800,1913,10950,17020,38528,90870,3333,12700,2551
20210728,8780,1829,10600,16880,36826,86730,3292,12330,2550
20210727,8830,1831,10540,17530,38684,83580,3322,12470,2557
20210726,9200,1809,10790,18320,39932,80730,3346,12960,2730
20210719,8800,1784,10490,18580,39351,79670,3248,13030,2730
20210718,8450,1784,10490,17820,38804,79350,3328,12900,2730
20210717,8840,1820,10660,17770,40294,83130,3497,12590,2729
20210714,8760,1822,10670,17030,41141,83560,3425,12640,2698
20210713,8730,1826,10830,16340,42925,80360,3305,12670,2692
20210712,8920,1846,10850,16560,42400,91210,3367,12980,2692
20210711,8930,1804,10540,16640,40412,91210,3401,12940,2631
20210710,8960,1798,10260,16470,38917,91210,3332,13170,2625
20210707,8830,1821,10460,17120,39382,91210,3332,13620,2630
20210706,8870,1770,10690,17660,37627,89470,3181,13750,2623
20210705,8740,1870,10260,17230,37627,88920,3034,13120,2592
20210704,8400,1870,10270,16570,37627,90360,2979,13290,2580
20210703,8760,1870,10250,16260,39305,90100,3026,13510,2588
20210630,9120,1888,10630,16900,40065,86540,3000,13840,2628
20210629,8850,1886,10670,16930,44222,84110,3043,13510,2648
20210628,8430,1867,10610,16180,44252,84720,2958,13730,2654
20210627,8080,1795,10650,16500,44272,83230,2934,13130,2540
20210626,8180,1810,10800,16030,44280,80710,2993,12510,2558
20210623,7310,1801,10590,15270,44331,79640,2964,11930,2582
20210622,7190,1769,10210,14690,44345,79620,3002,11590,2579
20210621,6980,1726,10080,14030,44399,78040,2870,11450,2491
20210620,6780,1704,10140,13530,44739,77520,2882,11110,2397
20210619,6820,1732,10090,13810,44741,74190,2791,10590,2294
20210616,6830,1715,9920,13690,44743,70660,2781,10180,2185
20210615,6870,1716,9920,14160,44762,67300,2817,10330,2213
20210614,6870,1726,9850,14170,44763,67460,2800,10300,2220
20210613,6820,1741,9720,13530,44772,65150,2712,9940,2157
20210612,6880,1796,9740,13670,44800,64340,2785,9960,2170
20210609,6910,1862,9770,13890,45375,64440,2888,10090,2196
20210608,6950,1906,9930,13810,45420,64750,3029,10380,2186
20210607,7340,1826,10010,13190,45456,65940,3128,10300,2085
20210602,7340,1751,9840,12660,45456,64330,3036,10230,2042
20210601,7340,1684,9650,12620,45457,62790,3054,10140,2004
20210531,7420,1730,9640,13090,45466,62720,3100,10330,2024
20210530,7710,1812,9770,13630,46928,63670,5076,10550,2038
20210529,7620,1752,9390,13710,49299,62920,5076,10170,1970
20210526,7270,1674,8970,13110,51620,60320,5076,9720,1889
20210525,7240,1656,8900,13470,54336,58940,5076,9730,1885
20210524,7070,1644,8870,13450,57195,56450,5076,9510,1917
20210523,7070,1655,12440,14090,60205,56480,5076,9500,2017
20210522,7340,1714,12440,14180,61204,57000,5076,9840,2123
20210519,7470,1789,12440,14670,61205,59710,5076,10300,2231
20210518,7720,1821,12440,15170,61214,60720,5076,10560,2316
20210517,8060,1833,12470,15800,61214,60600,5076,10550,2408
20210516,8390,1849,12740,16510,61214,59660,5076,10880,2456
20210515,8540,1791,12910,16240,61215,59930,5076,11000,2424
20210512,8860,1798,12730,15950,61223,59330,5076,10960,2489
20210511,9040,1794,12660,16160,61223,58480,5076,11070,2494
20210510,9270,1786,12020,16320,61223,55420,5076,10670,2453
20210509,9410,1839,11580,16480,61831,54540,5076,10270,2435
20210508,9410,1852,11930,16490,62445,56180,5076,10580,2471
20210505,9480,1870,11970,16510,63065,57290,5076,10860,2498
20210503,9560,1902,11720,16620,63707,56190,5076,10740,2491
20210502,9630,1940,12070,16750,64853,56710,5076,11010,2563
20210501,9710,1960,12420,16900,64853,58290,5076,11350,2620
20210428,9790,1990,12770,17350,64853,59780,5076,11630,2680
20210427,10090,2040,12660,17840,64853,60130,5076,11630,2550
20210426,10310,2060,12040,17990,64853,59470,5076,11260,2500
20210425,10320,2080,11760,18010,64863,56310,5076,10970,2550
20210424,10320,2080,12000,18020,64938,57900,5076,11280,2590
20210421,10320,2080,12110,18050,65609,59410,5076,11570,2620
20210420,10320,2080,12350,18080,66300,60460,5076,11800,2680
20210419,10320,2080,12290,18180,66765,60410,5076,11370,2580
20210418,10520,2080,12470,18200,66765,60550,5076,11420,2630
20210417,10520,2080,12700,18210,66765,61780,5076,11650,2630
20210414,10520,2080,12950,18230,66765,62980,5076,11870,2640
20210413,10520,2090,12980,18360,66765,62650,5076,11540,2670
20210412,10540,2130,12310,18370,66765,59300,5076,10890,2680
20210411,10540,2140,12230,18730,66765,56800,5076,10680,2730
20210410,10540,2150,12470,18830,66765,57710,5076,10830,2740
20210407,10540,2170,12720,19110,66766,58880,5076,11050,2740
20210406,10540,2200,12960,19450,66766,60010,5076,11260,2760
20210405,10540,2230,13020,19300,66768,59850,5076,11130,2800
20210404,10540,2270,13230,19400,66768,60880,5076,10880,2850
20210403,10600,2310,13490,19750,66769,62100,5076,11100,2870
20210331,10600,2340,13760,19460,66771,63350,5076,11310,2870
20210330,10640,2380,13970,19830,66773,63630,5076,11510,2880
20210328,10820,2420,13800,20090,66776,63240,5076,11440,2900
20210327,10700,2410,14060,20250,66776,64310,5076,18900,2900
20210317,10270,2310,14170,19360,66786,64800,5076,18900,2900
20210316,9750,2310,13500,19670,66826,65510,5076,18900,2820
20210315,9350,2340,12740,19190,66961,62110,5076,18900,2670
20210314,9520,2350,12740,19480,67178,60430,5076,18900,2680
20210313,9630,2370,12740,19560,67210,58270,5076,19000,2630
20210310,9760,2400,12500,19600,67210,55570,5076,18960,2510
20210309,9920,2400,12590,19640,67266,56000,5076,19310,2520
20210308,9800,2400,12410,19930,67270,53470,5076,19190,2510
20210307,9960,2400,11780,20090,67273,50740,5076,18360,2450
20210306,10100,2400,11570,20110,67319,49690,5076,18200,2470
20210303,10210,2400,11740,20130,67321,49980,5076,18550,2520
20210302,10410,2400,11820,20150,67481,50250,5076,18900,2570
20210301,10430,2400,11560,20230,67976,49330,5076,19070,2600
20210228,10480,2400,11390,20290,68475,49260,5076,19420,2650
20210227,10480,2400,11600,20410,68974,50170,5076,19810,2650
20210224,10610,2400,11830,20580,69477,51170,5076,20210,2700
20210223,10670,2400,11810,20630,70738,51160,5076,20500,2740
20210222,10710,2410,11650,20730,71505,51570,5076,20760,2780
20210221,10710,2410,11870,20800,72072,51920,5076,21180,2790
20210220,10720,2410,12090,20830,72646,52390,5076,21610,2800
20210217,10730,2420,12200,21020,73282,53430,5076,22050,2850
20210216,10800,2430,12430,21320,71485,54300,5076,22500,2900
20210215,10840,2440,12660,21560,67449,55360,5076,22950,2950
20210214,10940,2460,12770,21770,63968,56200,5076,23400,2990
20210213,11010,2500,12580,22000,60431,56190,5076,23680,3030
20210209,10490,2460,11870,20820,57011,53230,5076,22640,2890
20210208,10380,2460,11340,20430,54297,52460,5076,22270,2840
20210207,10240,2540,10810,21000,52844,52050,5076,21620,2810
20210206,9780,2610,10300,20180,51435,50010,5076,20770,2690
20210203,10250,2650,10780,21240,52002,52310,5076,21830,2830
20210202,10700,2730,11230,21960,52923,54390,5076,22740,2930
20210201,11220,2860,11750,21220,50796,55430,5076,23790,3060
20210131,11310,3010,12090,20310,48825,55880,5076,23790,3000
20210130,11510,3070,12220,19400,47564,56830,5076,22690,2860
20210127,10980,2930,11670,18510,45708,54240,5076,21610,2730
20210126,11040,2920,11680,19280,44038,55520,5076,21960,2730
20210125,11500,2970,11790,20120,43362,57670,5076,22600,2730
20210124,11510,3120,11620,20550,43569,59920,5076,21910,2730
20210123,11400,3200,11210,20690,44519,60130,5076,21240,2620
20210120,10860,3510,10680,19720,43780,57280,5076,20230,2540
20210119,10570,3510,10200,18830,42422,55240,5076,19330,2420
20210118,10710,3510,9810,19300,43876,57030,5081,18900,2460
20210116,11090,3510,10320,19790,44955,58360,5082,19840,2580
20210113,11670,3510,10840,20650,46267,61420,5091,20580,2710
20210112,11770,3510,11300,21020,48542,64510,5091,19860,2840
20210111,12370,3510,11870,22070,50636,67590,5091,20670,2910
20210110,12510,3510,11780,21120,48826,68650,5091,19750,2920
20210109,12280,3510,11260,20180,47727,68060,5091,18870,2900
20210106,12840,3510,11780,19780,45679,67720,5091,19620,3040
20210105,13460,3510,12320,20770,43543,69850,5091,20430,3190
20210104,13550,3510,12690,21740,42223,72790,5091,21350,3320
20210103,13000,3510,12640,21380,40529,70730,5091,21290,3190
20210102,12990,3510,12600,22190,41186,67590,5191,21700,3190
20201230,13500,3510,13220,23310,42806,70600,5272,22710,3190
20201229,13450,3510,13360,24350,44339,71860,5424,23660,3190
20201228,13620,3510,13640,25340,44887,75150,5629,24580,3190
20201227,13800,3510,13500,24280,44401,72140,5537,23530,3190
20201226,14120,3510,13560,24890,42858,68880,5583,22750,3240
20201223,14780,3510,14030,26040,42968,68110,5412,23780,3390
20201222,15020,3510,14250,25750,42847,69640,5192,24110,3400
20201221,14490,3510,14330,25410,42138,69900,5005,24460,3320
20201220,14920,36870,14510,26520,41353,70310,5085,25360,3390
20201219,15380,36870,14600,27730,42785,72280,5034,25490,3500
20201216,15210,36870,13930,27000,42309,71880,4995,24620,3480
20201215,15710,36870,13840,28350,44282,68820,5250,25800,3580
20201214,16530,36870,14550,29840,44938,68820,5326,27150,3750
20201213,17230,36870,15110,30580,45951,68820,5442,27940,3690
20201212,16730,36870,15160,32010,47571,60210,5688,28880,3830
20201209,15990,36040,14440,32040,47216,60210,5779,28870,3940
20201208,15470,34490,14320,30730,45196,60210,5674,29360,4040
20201207,15770,35780,14320,31640,45596,60210,5783,30320,4050
20201206,16190,37590,14560,32580,46625,60210,5850,30590,3950
20201205,16500,37070,14310,32490,45045,180630,5132,29190,3940
20201202,16180,35310,14320,31110,43888,180630,4976,29310,3900
20201201,15510,34280,14420,29890,41977,180630,5151,29610,4010
20201130,15520,33150,14250,30940,40026,180630,5001,30360,4000
20201129,14870,32180,13740,30090,38962,180630,4850,29480,3810
20201128,14170,30740,13650,28660,38962,180630,4761,28150,3760
20201125,13590,29390,13120,27370,38962,180630,4676,27980,3790
20201124,13500,28190,12640,26240,38962,177190,4614,29260,3650
20201123,13530,29120,13190,25170,38962,184350,4398,30590,3500
20201122,13710,27740,13390,26140,38942,182210,4587,31120,3340
20201121,14090,26470,13970,27400,39301,186680,4759,32090,3240
20201118,13590,25310,14210,27800,40408,194050,4849,30990,3000
20201117,12950,24110,13560,26600,40832,190340,4863,29520,3000
20201116,12380,23200,12970,25490,41104,185520,4982,35940,3000
20201115,11900,22190,12660,25890,42358,186860,4998,35940,3000
20201114,11340,21190,12310,25270,42646,182940,5209,35940,3000
20201111,10930,20370,11760,24070,41443,174460,5433,35940,3000
20201110,10610,21090,11600,22940,42549,166710,5446,35940,3000
20201109,10760,22010,11540,24000,43115,159200,5448,35940,3000
20201108,11310,22380,12040,24580,43695,164740,5449,35940,3000
20201107,11610,22420,12300,25860,44253,173410,5449,35940,3000
20201104,12220,22770,12940,26810,44864,182530,5451,35940,3000
20201102,12210,22450,12330,28220,45904,173850,5594,35940,3000
20201101,12810,23240,12510,28550,46635,167080,5597,35940,3000
20201031,13470,24050,13010,28850,47072,165560,5603,35940,3000
20201028,13200,22980,12440,30360,47906,158670,5863,35940,3000
20201027,13790,24170,12500,30890,49107,152740,5877,35940,3000
20201026,14510,25320,13080,32120,49184,157700,5878,35940,3000
20201024,15270,25490,13740,33800,49544,163530,5879,35940,3000
20201021,16070,26430,14330,34100,49576,165710,5884,35940,3140
20201020,16570,26070,14710,35890,50660,157830,6115,35940,3050
20201019,17400,27290,15480,37700,50856,158920,6321,35940,3210
20201018,18310,27520,16290,39610,51586,167020,6355,35940,3270
20201014,19180,28940,17030,41690,51826,172740,6270,37140,3440
20201013,20030,29920,17580,43880,52662,172110,6171,37140,3440
20201012,19250,29700,17600,46180,52738,171540,6389,37140,3490
20201011,18800,30930,18230,47360,52642,174600,6613,37140,3570
20201010,17910,31080,17490,46050,50555,169950,6739,37140,3420
20201007,17170,29820,18000,46050,49600,171640,6817,37140,3330
20201006,16410,28480,17860,46050,47239,170890,7031,37140,3210
20201005,15760,27180,17860,46050,46923,167510,6771,37140,3070
20201004,16440,26990,18210,46050,45814,174580,6871,37140,2970
20201003,16810,27510,18710,46050,43979,181720,6875,37140,2840
20200930,16090,26260,17920,46050,43259,173620,6896,37140,2720
20200929,16560,25590,17500,46050,43448,169630,6903,37140,2690
20200928,17320,26720,17930,46050,43854,167800,6905,37140,2810
20200927,18230,27320,18870,46050,44962,176630,6907,37140,2950
20200926,18480,28390,19810,46050,45132,185390,6909,37140,3060
20200923,19190,27190,19880,46050,45850,186240,6920,37140,3140
20200922,19430,25950,19130,46050,46523,180120,6920,37140,3100
20200921,20170,25270,19530,30540,47116,175860,6920,37140,3230
20200920,20750,26380,20550,30580,49468,184730,6920,37140,3400
20200919,21180,27690,21330,46080,52070,193300,10061,37140,3550
20200916,22050,28750,20550,46080,52938,193490,10061,37140,3590
20200915,21340,27490,19600,46080,53645,189570,10061,37140,3460
20200914,20390,26410,18670,46080,51147,180850,10061,37140,3300
20200913,19650,27320,17860,48500,50314,172740,10155,37140,3180
20200912,19520,28740,17560,50500,49077,171060,10165,37140,3150
20200909,18800,29210,16740,51980,46741,162920,10216,37140,3000
20200908,19590,30710,17130,54010,45600,156580,10233,37140,3050
20200907,19640,30830,18030,54370,44676,163300,10237,37140,3210
20200906,20660,31120,18930,54840,42598,167050,10240,37140,3360
20200905,21250,31700,18380,57720,40735,160320,10295,38150,3250
20200902,22120,32830,17610,60750,38928,152700,10384,39720,3110
20200901,23250,34550,18500,61540,40920,154980,10452,41810,3250
20200831,24420,36360,18720,63050,43068,159030,10475,43860,3270
20200826,25610,37210,17910,64880,45292,151840,10891,45100,3130
20200825,24440,35530,17060,62000,43651,144610,10860,42960,2990
20200824,23770,35610,16250,62900,45740,138160,11099,41450,2850
20200823,24970,36200,16830,65240,48147,145210,11118,43630,2960
20200822,26280,37130,17570,66630,48642,152240,11174,45920,3100
20200819,27210,38540,17180,68730,49475,153880,11342,47460,3230
20200818,28640,40170,18080,72340,49575,159950,11522,49950,3400
20200817,28080,40620,18300,71170,50583,152340,11116,50900,3290
20200816,29400,39480,17440,74780,51992,145520,11645,48480,3430
20200815,30940,40450,18200,78710,51813,152200,11892,58780,3610
20200812,32260,38670,19060,82850,50225,159390,12339,58780,3790
20200811,30760,40390,18620,83240,47951,165500,12726,61870,3880
20200810,29400,41930,19280,87120,45668,173350,13225,62670,4080
20200809,17630,44130,20720,83470,43494,177120,13792,62670,4250
20200805,17630,45880,20940,79500,41502,172560,14438,62670,3850
20200804,17630,43700,20940,75860,39805,175530,14604,59690,3850
20200803,17630,41620,20940,75400,41608,179650,14631,57510,3850
20200802,17630,39640,21430,79360,42410,181610,14220,54870,3900
20200801,17630,37800,20650,76620,37677,174660,14764,52260,3780
20200729,17630,36560,19750,74240,36690,168090,15364,49780,3890
20200728,17630,38000,20710,71020,35136,173700,16148,48540,4090
20200727,17630,37220,21190,67640,36389,172470,15926,49110,4180
20200726,17630,39090,22210,65900,38274,180310,15301,46780,4370
20200725,17630,38350,23180,65900,39386,185520,16041,44560,4420
20200722,17630,36530,22690,63570,39542,176840,15780,42440,4220
20200721,17630,38360,23640,60810,41540,182330,16518,40420,4220
20200720,17630,40340,23260,58320,43585,190460,16023,38590,4220
20200719,17630,42190,22170,55550,44926,183420,15504,38590,4020
20200718,17630,42190,21870,54820,43047,174990,15652,36760,3910
20200715,17630,42190,23020,57700,43047,168630,15652,35930,4110
20200714,17630,42190,23020,55240,43047,166320,15652,35570,3930
20200713,17630,43990,21930,52610,43047,173640,14907,33880,3750
20200712,17630,45000,21150,50110,41192,182280,14198,32270,3630
20200711,17630,42940,20150,47730,39259,182750,13833,30740,3470
20200708,17630,41320,20080,47010,40717,191970,13175,29280,3510
20200707,17630,41400,19300,45710,41463,201970,12548,27890,3430
20200706,17630,43420,18390,43540,43458,201970,12183,27890,3290
20200705,17630,41700,17520,41470,43048,201970,11863,27890,3140
20200704,17630,42460,16910,41470,42600,199030,11644,27890,3050
20200701,17630,44550,16650,41470,44819,199020,11092,27890,3060
20200630,17880,44840,15860,41470,46489,189560,10724,26750,2920
20200629,17880,42710,15110,39800,45261,180540,10214,25480,2790
20200628,17880,42710,15390,39830,46311,181450,10121,24660,2850
20200627,17880,40680,14860,37940,48581,174210,10572,23660,2890
20200624,17880,38850,14160,36140,50065,165920,10217,22540,2760
20200623,17880,37720,14160,34420,52512,158020,10427,21860,2760
20200622,17880,36030,13490,32790,50689,158020,10035,20980,2640
20200621,17880,34320,12860,31320,48304,158020,10299,19990,2550
20200620,17880,32690,12260,29830,46125,154650,10711,19070,2470
20200616,17880,31250,11690,28410,45818,150460,10212,18310,2360
20200615,17880,29770,11470,27060,45646,150770,9928,18100,2250
20200614,17030,28360,11680,26360,47657,149230,9876,17830,2160
20200613,16850,27010,11850,27130,46103,142170,10335,18430,2100
20200610,16118,26810,11291,25915,44297,135964,10091,18156,2009
20200609,15375,25534,10763,26606,42276,130344,9657,18101,1937
20200608,16042,25534,10589,27913,44211,132708,9924,18276,2006
20200607,16668,24592,10562,28471,46409,127120,9940,17874,2052
20200606,15977,23585,10066,27150,47957,121067,9499,17025,1956
20200602,15266,22514,9626,27403,45828,117162,9131,16215,1902
20200601,14575,21537,9190,23492,43769,112306,8751,15515,1840
20200531,13964,22081,9047,30581,41797,107096,9122,15023,1815
20200530,14630,21741,9087,30581,40483,106642,9435,15113,1883
20200527,14303,20722,8655,30581,42213,105014,9003,14394,1794
20200526,15048,20189,8385,30581,41646,106914,8737,13709,1738
20200523,15840,19972,8811,30581,41470,111647,8878,14430,1829
20200520,16673,19021,9274,29481,39503,117196,9441,15081,1924
20200519,15979,18116,9755,28078,38071,113009,9801,15273,2023
20200518,14527,17541,10165,26741,36561,107628,10134,15118,2086
20200517,14527,16706,10425,25468,34820,102544,10354,14399,2000
20200516,14527,16506,10973,24256,34645,102066,10516,14772,2103
20200513,13893,16854,11550,25804,35352,105877,10718,15548,2190
20200512,13232,17533,11236,28292,35781,102950,11256,16324,2109
20200511,12604,18415,11236,29781,36169,108223,11183,15947,2065
20200510,12388,19354,11236,31211,37340,106868,11713,15188,1967
20200509,12193,18748,10701,30787,36071,101921,11840,14465,1874
20200506,11957,17926,10198,29405,35559,97068,11301,14465,1785
20200505,11542,18869,10262,30824,36593,94792,11415,14465,1721
20200504,11286,19207,10022,31845,36440,99113,12114,13267,1642
20200503,11000,19986,9545,32363,38141,102699,12114,13267,1564
20200502,10790,19047,9091,30822,36334,97810,12114,12636,1490
